<schemalist>
  <schema id="org.gnome.shell.extensions.window-sizer" path="/org/gnome/shell/extensions/window-sizer/">
    <key type="as" name="shortcut">
      <default><![CDATA[ ['<Super>r'] ]]></default>
      <summary>Shortcut</summary>
      <description>The shortcut to use the window sizer</description>
    </key>
    <key type="i" name="width">
      <default>1280</default>
      <summary>Width</summary>
      <description>Width in pixels for the window when resized to the center of the screen</description>
      <range min="1280" max="7680" />
    </key>
    <key type="i" name="height">
      <default>768</default>
      <summary>Height</summary>
      <description>Height in pixels for the window when resized to the center of the screen</description>
      <range min="768" max="4320" />
    </key>
  </schema>
</schemalist>
